feature,type,top_trial_appearances,appearance_rate
xbacon,batter,20,0.22988505747126436
straightaway_percent,batter,18,0.20689655172413793
flareburner_percent,batter,17,0.19540229885057472
avg_hyper_speed,batter,17,0.19540229885057472
iz_contact_percent,batter,16,0.1839080459770115
poorlyunder_percent,batter,16,0.1839080459770115
meatball_swing_percent,batter,16,0.1839080459770115
xwobacon,pitcher,16,0.1839080459770115
oz_contact_percent,pitcher,15,0.1724137931034483
wobadiff,batter,15,0.1724137931034483
popups_percent,batter,14,0.16091954022988506
xwoba,batter,14,0.16091954022988506
whiff_percent,batter,13,0.14942528735632185
z_swing_miss_percent,batter,13,0.14942528735632185
bacon,batter,13,0.14942528735632185
sweet_spot_percent,batter,13,0.14942528735632185
hard_hit_percent,batter,13,0.14942528735632185
opposite_percent,batter,13,0.14942528735632185
z_swing_percent,batter,12,0.13793103448275862
exit_velocity_avg,batter,12,0.13793103448275862
wobacon,batter,12,0.13793103448275862
launch_angle_avg,batter,12,0.13793103448275862
groundballs_percent,batter,12,0.13793103448275862
flyballs_percent,batter,12,0.13793103448275862
xslg,pitcher,12,0.13793103448275862
meatball_percent,pitcher,12,0.13793103448275862
avg_best_speed,batter,11,0.12643678160919541
xobp,batter,11,0.12643678160919541
cu_avg_speed,pitcher,11,0.12643678160919541
edge_percent,batter,10,0.11494252873563218
oz_contact_percent,batter,10,0.11494252873563218
hp_to_1b,batter,10,0.11494252873563218
xslgdiff,batter,10,0.11494252873563218
poorlyweak_percent,batter,10,0.11494252873563218
meatball_percent,batter,10,0.11494252873563218
sprint_speed,batter,10,0.11494252873563218
sweet_spot_percent,pitcher,10,0.11494252873563218
launch_angle_avg,pitcher,10,0.11494252873563218
popups_percent,pitcher,10,0.11494252873563218
whiff_percent,pitcher,10,0.11494252873563218
linedrives_percent,pitcher,10,0.11494252873563218
xwoba,pitcher,10,0.11494252873563218
xslgdiff,pitcher,10,0.11494252873563218
oz_swing_miss_percent,pitcher,10,0.11494252873563218
wobadiff,pitcher,10,0.11494252873563218
barrel_batted_rate,batter,9,0.10344827586206896
linedrives_percent,batter,9,0.10344827586206896
xwobacon,batter,9,0.10344827586206896
ff_avg_spin,pitcher,9,0.10344827586206896
oz_swing_percent,pitcher,9,0.10344827586206896
arm_angle,pitcher,9,0.10344827586206896
xslg,batter,9,0.10344827586206896
xba,pitcher,8,0.09195402298850575
exit_velocity_avg,pitcher,8,0.09195402298850575
bb_percent,pitcher,8,0.09195402298850575
hard_hit_percent,pitcher,8,0.09195402298850575
swing_percent,batter,8,0.09195402298850575
f_strike_percent,batter,8,0.09195402298850575
k_percent,batter,8,0.09195402298850575
xba,batter,8,0.09195402298850575
xera,pitcher,7,0.08045977011494253
k_percent,pitcher,7,0.08045977011494253
oz_swing_percent,batter,7,0.08045977011494253
bb_percent,batter,7,0.08045977011494253
xbadiff,batter,7,0.08045977011494253
solidcontact_percent,batter,7,0.08045977011494253
oz_swing_miss_percent,batter,7,0.08045977011494253
pull_percent,batter,7,0.08045977011494253
wobacon,pitcher,7,0.08045977011494253
barrel_batted_rate,pitcher,7,0.08045977011494253
solidcontact_percent,pitcher,7,0.08045977011494253
avg_best_speed,pitcher,7,0.08045977011494253
swing_percent,pitcher,7,0.08045977011494253
xobp,pitcher,7,0.08045977011494253
ff_avg_break_x,pitcher,6,0.06896551724137931
edge_percent,pitcher,6,0.06896551724137931
iz_contact_percent,pitcher,6,0.06896551724137931
f_strike_percent,pitcher,6,0.06896551724137931
z_swing_miss_percent,pitcher,6,0.06896551724137931
ff_avg_break_z,pitcher,6,0.06896551724137931
ff_avg_speed,pitcher,6,0.06896551724137931
groundballs_percent,pitcher,6,0.06896551724137931
xbadiff,pitcher,5,0.05747126436781609
z_swing_percent,pitcher,5,0.05747126436781609
xiso,pitcher,5,0.05747126436781609
poorlytopped_percent,batter,4,0.04597701149425287
avg_hyper_speed,pitcher,4,0.04597701149425287
cu_avg_spin,pitcher,4,0.04597701149425287
xiso,batter,3,0.034482758620689655
flyballs_percent,pitcher,3,0.034482758620689655
ch_avg_speed,pitcher,2,0.022988505747126436
ch_avg_spin,pitcher,1,0.011494252873563218
